player,time,x,y,z,speed,steering,pedal,grounded,distance,wall
Player1_Car,0.02,431.150,3.348,790.281,0.000,-0.29,1.00,4,0.00,
Player2_Car,0.02,431.031,4.464,786.658,0.004,21.06,1.00,1,0.00,
Player1_Car,0.22,431.570,3.348,790.282,4.139,-0.05,1.00,4,0.42,
Player2_Car,0.22,431.248,4.422,786.737,2.242,14.49,1.00,1,0.22,
Player1_Car,0.42,432.857,3.348,790.281,8.238,0.70,1.00,4,1.71,
Player2_Car,0.42,431.875,4.262,787.006,4.318,7.15,1.00,1,0.83,
Player1_Car,0.62,434.910,3.348,790.261,11.863,1.59,1.00,4,3.76,
Player2_Car,0.62,432.867,3.947,787.443,6.344,-8.64,1.00,1,1.80,
Player1_Car,0.82,437.642,3.348,790.219,15.071,1.63,1.00,4,6.49,
Player2_Car,0.82,434.172,3.590,788.028,8.023,-23.66,1.00,1,3.08,
Player1_Car,1.02,440.971,3.348,790.143,17.825,1.51,0.86,4,9.82,
Player2_Car,1.02,435.904,3.361,788.172,9.021,-10.70,1.00,4,4.80,
Player1_Car,1.22,444.704,3.348,790.032,19.174,1.40,0.70,4,13.55,
Player2_Car,1.22,438.002,3.348,787.501,12.498,-8.02,1.00,4,6.93,
Player1_Car,1.42,448.601,3.348,789.893,19.693,1.31,0.64,4,17.45,
Player2_Car,1.42,440.757,3.348,786.890,15.356,-5.16,1.00,4,9.71,
Player1_Car,1.62,452.475,3.348,789.736,18.507,1.68,0.78,4,21.33,
Player2_Car,1.62,444.072,3.348,786.397,17.798,-3.38,0.86,4,13.04,
Player1_Car,1.82,455.784,3.348,789.570,14.399,1.84,-0.05,4,24.64,
Player2_Car,1.82,447.763,3.348,786.018,19.015,-2.28,0.72,4,16.75,
Player1_Car,2.02,458.363,3.348,789.409,12.045,2.18,0.23,4,27.22,
Player2_Car,2.02,451.573,3.348,785.730,18.815,-1.27,-0.58,4,20.57,
Player1_Car,2.22,460.651,3.348,789.230,11.137,2.58,0.34,4,29.52,
Player2_Car,2.22,455.002,3.348,785.507,15.028,-0.95,-0.12,4,24.00,
Player1_Car,2.42,462.824,3.348,789.017,10.786,3.03,0.39,4,31.67,
Player2_Car,2.42,457.655,3.348,785.334,12.276,0.03,0.21,4,26.66,
Player1_Car,2.62,464.948,3.348,788.754,10.648,3.36,0.40,4,33.72,
Player2_Car,2.62,459.974,3.348,785.164,11.239,1.52,0.33,4,28.99,
Player1_Car,2.82,467.045,3.348,788.430,10.592,3.73,0.41,4,35.80,
Player2_Car,2.82,462.163,3.348,784.973,10.834,2.41,0.38,4,31.22,
Player1_Car,3.02,469.123,3.348,788.034,10.569,4.04,0.41,4,37.83,
Player2_Car,3.02,464.356,3.348,784.730,11.279,3.27,0.33,4,33.53,
Player1_Car,3.22,471.181,3.348,787.556,10.558,4.41,0.41,4,39.90,
Player2_Car,3.22,466.621,3.348,784.401,11.543,3.78,0.29,4,35.88,
Player1_Car,3.42,473.214,3.348,786.988,10.552,4.63,0.41,4,41.92,
Player2_Car,3.42,468.901,3.348,783.969,11.642,4.23,0.28,4,38.32,
Player1_Car,3.62,475.215,3.348,786.321,10.547,4.96,0.41,4,43.98,
Player2_Car,3.62,471.169,3.348,783.421,11.678,4.66,0.28,4,40.79,
Player1_Car,3.82,477.178,3.348,785.550,10.544,5.28,0.41,4,46.00,
Player2_Car,3.82,473.404,3.348,782.742,11.688,5.04,0.28,4,43.28,
Player1_Car,4.02,479.093,3.348,784.668,10.541,5.50,0.42,4,48.01,
Player2_Car,4.02,475.538,3.348,781.945,11.086,5.20,0.35,4,45.72,
Player1_Car,4.22,480.950,3.348,783.672,10.538,5.70,0.42,4,50.02,
Player2_Car,4.22,477.522,3.348,781.051,10.757,5.54,0.39,4,48.08,
Player1_Car,4.42,482.739,3.348,782.559,10.536,6.00,0.42,4,52.08,
Player2_Car,4.42,479.403,3.348,780.041,10.628,5.89,0.40,4,50.40,
Player1_Car,4.62,484.450,3.348,781.330,10.535,6.12,0.42,4,54.10,
Player2_Car,4.62,481.190,3.348,778.904,10.577,6.33,0.41,4,52.73,
Player1_Car,4.82,486.072,3.348,779.986,10.534,6.16,0.42,4,56.11,
Player2_Car,4.82,482.877,3.348,777.633,10.547,6.62,0.41,4,55.05,
Player1_Car,5.02,487.596,3.348,778.532,10.533,6.18,0.42,4,58.13,
Player2_Car,5.02,484.453,3.348,776.234,10.536,6.77,0.42,4,57.38,
Player1_Car,5.22,489.015,3.348,776.976,10.533,6.12,0.42,4,60.15,
Player2_Car,5.22,485.907,3.348,774.710,10.533,6.82,0.42,4,59.72,
Player1_Car,5.42,490.322,3.348,775.324,10.534,6.03,0.42,4,62.17,
Player2_Car,5.42,487.230,3.348,773.072,10.533,6.99,0.42,4,62.16,
Player1_Car,5.62,491.514,3.348,773.588,10.535,5.88,0.42,4,64.21,
Player2_Car,5.62,488.418,3.348,771.333,10.534,6.75,1.00,4,64.48,
Player1_Car,5.82,492.703,3.348,771.558,13.227,6.36,1.00,4,66.46,
Player2_Car,5.82,489.634,3.348,769.173,13.860,6.91,1.00,4,67.17,
Player1_Car,6.02,493.989,3.348,768.867,16.252,6.32,1.00,4,69.36,
Player2_Car,6.02,490.886,3.348,766.336,16.815,6.65,0.98,4,70.57,
Player1_Car,6.22,495.207,3.348,765.560,18.501,5.93,0.78,4,72.77,
Player2_Car,6.22,491.995,3.348,762.907,18.759,6.08,0.75,4,74.43,
Player1_Car,6.42,496.192,3.348,761.876,19.414,5.23,0.67,4,76.47,
Player2_Car,6.42,492.821,3.348,759.151,19.516,5.08,0.66,4,78.58,
Player1_Car,6.62,496.900,3.348,758.014,19.771,4.23,0.63,4,80.29,
Player2_Car,6.62,493.363,3.348,755.249,19.813,3.83,0.62,4,82.71,
Player1_Car,6.82,497.374,3.348,754.071,19.912,3.30,0.61,4,84.16,
Player2_Car,6.82,493.693,3.348,751.285,19.931,2.82,0.61,4,86.80,
Player1_Car,7.02,497.675,3.348,750.093,19.970,2.57,0.60,4,88.08,
Player2_Car,7.02,493.884,3.348,747.298,19.980,2.13,0.60,4,90.83,
Player1_Car,7.22,497.859,3.348,746.100,19.995,2.05,0.60,4,92.07,
Player2_Car,7.22,493.989,3.348,743.301,20.000,1.69,0.60,4,94.83,
Player1_Car,7.42,497.967,3.348,742.102,20.006,1.68,0.60,4,96.07,
Player2_Car,7.42,494.045,3.348,739.300,20.010,1.43,0.60,4,98.83,
Player1_Car,7.62,498.028,3.348,738.100,20.012,1.44,0.60,4,100.07,
Player2_Car,7.62,494.072,3.348,735.298,20.014,1.27,0.60,4,102.83,
Player1_Car,7.82,498.061,3.348,734.098,20.015,1.30,0.60,4,104.08,
Player2_Car,7.82,494.085,3.348,731.295,20.016,1.18,0.60,4,106.83,
Player1_Car,8.02,498.077,3.348,730.095,20.016,1.21,0.60,4,108.08,
Player2_Car,8.02,494.089,3.348,727.291,20.017,1.13,0.60,4,110.84,
Player1_Car,8.22,498.085,3.348,726.091,20.017,1.16,0.60,4,112.08,
Player2_Car,8.22,494.091,3.348,723.288,20.018,1.11,0.60,4,114.84,
Player1_Car,8.42,498.089,3.348,722.088,20.018,1.13,0.60,4,116.09,
Player2_Car,8.42,494.091,3.348,719.285,20.018,1.08,0.60,4,118.84,
Player1_Car,8.62,498.090,3.348,718.085,20.018,1.11,0.60,4,120.09,
Player2_Car,8.62,494.090,3.348,715.281,20.019,1.03,0.60,4,122.85,
Player1_Car,8.82,498.090,3.348,714.081,20.018,1.09,0.60,4,124.09,
Player2_Car,8.82,494.088,3.348,711.277,20.019,0.98,0.60,4,126.85,
Player1_Car,9.02,498.089,3.348,710.077,20.019,1.06,0.60,4,128.10,
Player2_Car,9.02,494.085,3.348,707.273,20.020,0.93,0.60,4,130.85,
Player1_Car,9.22,498.087,3.348,706.074,20.019,1.02,0.60,4,132.10,
Player2_Car,9.22,494.082,3.348,703.269,20.021,0.88,0.60,4,134.86,
Player1_Car,9.42,498.085,3.348,702.070,20.019,0.98,0.60,4,136.10,
Player2_Car,9.42,494.079,3.348,699.265,20.021,0.83,0.60,4,138.86,
Player1_Car,9.62,498.083,3.348,698.066,20.020,0.95,0.60,4,140.11,
Player2_Car,9.62,494.075,3.348,695.261,20.022,0.78,0.60,4,142.87,
Player1_Car,9.82,498.081,3.348,694.062,20.021,0.91,0.60,4,144.11,
Player2_Car,9.82,494.072,3.348,691.256,20.023,0.73,0.60,4,146.87,
Player1_Car,10.02,498.078,3.348,690.058,20.021,0.87,0.60,4,148.12,
Player2_Car,10.02,494.068,3.348,687.252,20.023,0.68,0.60,4,150.88,
Player1_Car,10.22,498.076,3.348,686.054,20.022,0.83,0.60,4,152.12,
Player2_Car,10.22,494.064,3.348,683.247,20.024,0.63,0.60,4,154.88,
Player1_Car,10.42,498.073,3.348,682.049,20.022,0.80,0.60,4,156.13,
Player2_Car,10.42,494.060,3.348,679.243,20.024,0.59,0.60,4,158.88,
Player1_Car,10.62,498.070,3.348,678.045,20.022,0.76,0.60,4,160.13,
Player2_Car,10.62,494.057,3.348,675.238,20.025,0.55,0.60,4,162.89,
Player1_Car,10.82,498.067,3.348,674.040,20.023,0.73,0.60,4,164.13,
Player2_Car,10.82,494.053,3.348,671.233,20.025,0.51,0.60,4,166.89,
Player1_Car,11.02,498.065,3.348,670.036,20.023,0.70,0.60,4,168.14,
Player2_Car,11.02,494.049,3.348,667.228,20.025,0.47,0.60,4,170.90,
Player1_Car,11.22,498.062,3.348,666.031,20.024,0.60,0.60,4,172.14,
Player2_Car,11.22,494.049,3.348,663.239,19.234,-0.17,-0.63,4,174.89,
Player1_Car,11.42,498.066,3.348,662.178,17.084,0.00,-0.37,4,176.00,
Player2_Car,11.42,494.060,3.348,660.059,13.918,-0.65,0.01,4,178.07,
Player1_Car,11.62,498.078,3.348,659.263,13.090,-0.65,0.11,4,178.91,
Player2_Car,11.62,494.083,3.348,657.533,11.868,-1.73,0.26,4,180.59,
Player1_Car,11.82,498.106,3.348,656.839,11.549,-1.79,0.29,4,181.34,
Player2_Car,11.82,494.128,3.348,655.260,11.071,-2.42,0.35,4,182.87,
Player1_Car,12.02,498.156,3.348,654.605,10.948,-2.52,0.37,4,183.57,
Player2_Car,12.02,494.209,3.348,653.086,10.761,-3.00,0.39,4,185.02,
Player1_Car,12.22,498.247,3.348,652.447,10.713,-3.10,0.39,4,185.76,
Player2_Car,12.22,494.342,3.348,650.953,10.638,-3.42,0.40,4,187.11,
Player1_Car,12.42,498.396,3.348,650.321,10.619,-3.65,0.41,4,187.99,
Player2_Car,12.42,494.539,3.348,648.841,10.588,-3.86,0.41,4,189.15,
Player1_Car,12.62,498.619,3.348,648.214,10.580,-4.24,0.41,4,190.23,
Player2_Car,12.62,494.814,3.348,646.744,10.566,-4.25,0.41,4,191.22,
Player1_Car,12.82,498.930,3.348,646.124,10.562,-4.53,0.41,4,192.41,
Player2_Car,12.82,495.175,3.349,644.664,10.559,-4.43,0.41,4,193.25,
Player1_Car,13.02,499.339,3.351,644.054,10.559,-4.81,0.41,4,194.66,
Player2_Car,13.02,495.624,3.366,642.609,10.442,-4.63,0.43,4,195.26,
Player1_Car,13.22,499.850,3.360,642.011,10.529,-5.13,0.42,4,196.92,
Player2_Car,13.22,496.174,3.362,640.555,10.572,-4.53,0.41,4,197.34,
Player1_Car,13.42,500.464,3.379,640.001,10.493,-5.31,0.42,4,199.20,
Player2_Car,13.42,496.811,3.381,638.549,10.559,-4.31,0.41,4,199.35,
Player1_Car,13.62,501.184,3.407,638.022,10.831,-5.38,0.38,4,201.45,
Player2_Car,13.62,497.548,3.409,636.557,10.981,-5.55,0.36,4,201.39,
Player1_Car,13.82,502.097,3.451,635.890,11.604,-5.20,0.29,4,203.90,
Player2_Car,13.82,498.481,3.449,634.385,11.993,-4.99,1.00,4,203.69,
Player1_Car,14.02,503.091,3.504,633.889,10.893,-4.80,0.37,4,206.26,
Player2_Car,14.02,499.517,3.499,632.280,11.257,-4.60,0.33,4,205.96,
Player1_Car,14.22,504.132,3.582,632.021,10.547,-4.48,0.41,4,208.53,
Player2_Car,14.22,500.572,3.564,630.362,10.734,-4.01,0.39,4,208.09,
Player1_Car,14.42,505.242,3.696,630.225,10.480,-4.24,0.42,4,210.78,
Player2_Car,14.42,501.668,3.661,628.534,10.568,-4.58,0.41,4,210.15,
Player1_Car,14.62,506.400,3.862,628.508,10.295,-3.91,0.44,4,212.99,
Player2_Car,14.62,502.820,3.798,626.786,10.673,-3.28,0.40,4,212.22,
Player1_Car,14.82,507.614,4.069,626.846,10.253,-4.11,0.45,4,215.15,
Player2_Car,14.82,504.021,3.982,625.100,10.529,-2.74,0.42,4,214.24,
Player1_Car,15.02,508.880,4.322,625.230,10.201,-4.01,0.46,4,217.29,
Player2_Car,15.02,505.264,4.200,623.462,10.335,-2.73,0.44,4,216.27,
Player1_Car,15.22,510.194,4.617,623.660,10.162,-4.68,0.46,4,219.43,
Player2_Car,15.22,506.550,4.468,621.869,10.319,-3.93,0.44,4,218.29,
Player1_Car,15.42,511.563,4.952,622.135,10.587,-4.24,1.00,4,221.55,
Player2_Car,15.42,507.901,4.777,620.307,10.015,-5.21,0.48,4,220.36,
Player1_Car,15.62,513.273,5.416,620.405,13.464,-5.05,1.00,4,224.12,
Player2_Car,15.62,509.433,5.139,618.669,12.415,-4.67,1.00,4,222.60,
Player1_Car,15.82,515.493,6.095,618.454,15.711,-6.37,1.00,4,227.27,
Player2_Car,15.82,511.430,5.691,616.773,15.201,-3.91,1.00,4,225.35,
Player1_Car,16.02,518.209,7.002,616.439,17.586,-8.40,0.89,2,231.05,
Player2_Car,16.02,513.902,6.425,614.734,16.096,-5.06,1.00,1,228.54,
Player1_Car,16.22,521.221,8.003,614.577,17.870,-1.30,0.86,4,235.01,
Player2_Car,16.22,516.555,7.164,612.879,17.205,-5.62,0.94,4,231.73,
Player1_Car,16.42,524.426,9.077,612.880,17.858,-3.54,0.86,2,239.12,
Player2_Car,16.42,519.471,8.069,611.143,16.223,-4.43,1.00,2,235.11,
Player1_Car,16.62,527.420,9.927,611.423,16.201,-2.97,1.00,4,242.61,
Player2_Car,16.62,522.050,8.876,609.808,13.649,-2.31,1.00,1,238.04,
Player1_Car,16.82,530.624,10.778,610.022,18.220,-1.12,0.81,4,246.19,
Player2_Car,16.82,524.491,9.460,608.612,13.590,-1.78,1.00,4,240.73,
Player1_Car,17.02,534.131,11.724,608.604,19.534,-1.62,0.66,4,250.07,
Player2_Car,17.02,527.319,10.260,607.321,17.131,-1.02,0.94,4,243.93,
Player1_Car,17.22,537.808,12.642,607.190,19.962,-2.47,0.60,4,254.09,
Player2_Car,17.22,530.642,11.150,605.894,18.785,-0.62,0.75,4,247.66,
Player1_Car,17.42,541.543,13.478,605.835,19.557,-0.88,0.53,4,258.16,
Player2_Car,17.42,534.183,12.123,604.453,18.751,-3.58,0.75,4,251.61,
Player1_Car,17.62,545.159,14.216,604.633,18.216,-2.31,0.69,2,262.09,
Player2_Car,17.62,537.472,13.191,603.208,15.807,7.09,1.00,0,255.28,
Player1_Car,17.82,548.487,14.735,603.639,17.649,-2.85,0.76,4,265.68,
Player2_Car,17.82,540.444,14.045,602.162,15.712,19.39,0.99,0,258.50,
Player1_Car,18.02,552.027,15.233,602.705,18.773,-2.74,0.63,4,269.46,
Player2_Car,18.02,543.398,14.507,601.123,15.618,30.00,1.00,0,261.60,
Player1_Car,18.22,555.741,15.646,601.885,19.046,-3.96,0.71,4,273.38,
Player2_Car,18.22,546.356,14.655,600.203,15.347,26.53,1.00,2,264.62,
Player1_Car,18.42,559.606,15.972,601.221,19.806,-3.74,0.62,4,277.44,
Player2_Car,18.42,549.431,15.009,599.880,16.382,6.32,0.91,4,267.61,
Player1_Car,18.62,563.582,16.209,600.734,19.982,-3.82,0.60,4,281.59,
Player2_Car,18.62,552.861,15.420,599.214,18.094,-0.20,0.71,4,271.09,
Player1_Car,18.82,567.574,16.423,600.408,20.023,-2.09,0.60,4,285.74,
Player2_Car,18.82,556.485,15.773,598.423,19.129,-1.65,0.70,4,274.76,
Player1_Car,19.02,571.573,16.625,600.198,20.068,-1.73,0.59,4,289.82,
Player2_Car,19.02,560.316,16.051,597.683,19.786,-3.22,0.63,4,278.60,
Player1_Car,19.22,575.569,16.827,600.070,19.991,-1.78,0.60,4,293.82,
Player2_Car,19.22,564.269,16.258,597.090,20.167,-2.65,0.58,4,282.56,
Player1_Car,19.42,579.566,17.027,599.996,19.991,-1.44,0.60,4,297.82,
Player2_Car,19.42,568.297,16.465,596.658,20.391,-1.93,0.55,4,286.54,
Player1_Car,19.62,583.564,17.227,599.955,19.991,-1.26,0.60,4,301.83,
Player2_Car,19.62,572.366,16.667,596.364,20.458,-2.25,0.55,4,290.57,
Player1_Car,19.82,587.562,17.427,599.934,19.992,-1.16,0.60,4,305.83,
Player2_Car,19.82,576.452,16.871,596.176,20.469,-1.65,0.54,4,294.66,
Player1_Car,20.02,591.561,17.626,599.923,19.993,-1.10,0.60,4,309.83,
Player2_Car,20.02,580.547,17.076,596.061,20.492,-1.43,0.54,4,298.76,
Player1_Car,20.22,595.559,17.826,599.919,19.993,-1.07,0.60,4,313.84,
Player2_Car,20.22,584.638,17.280,595.997,20.342,-1.17,0.56,4,302.85,
Player1_Car,20.42,599.558,18.026,599.916,19.993,-1.04,0.60,4,317.84,
Player2_Car,20.42,588.679,17.482,595.962,20.129,-1.00,0.58,4,306.90,
Player1_Car,20.62,603.556,18.226,599.916,19.993,-1.01,0.60,4,321.84,
Player2_Car,20.62,592.695,17.683,595.945,20.048,-0.90,0.59,4,310.92,
Player1_Car,20.82,607.330,18.372,599.912,17.522,0.00,0.00,0,325.52,
Player2_Car,20.82,596.701,17.883,595.938,20.017,-0.85,0.60,4,314.93,
Player1_Car,21.02,610.823,18.238,599.908,17.417,0.00,0.00,0,328.99,
Player2_Car,21.02,600.702,18.084,595.935,20.004,-0.86,0.60,4,318.94,
Player1_Car,21.22,614.295,17.711,599.905,17.313,0.00,0.00,0,332.50,
Player2_Car,21.22,604.702,18.284,595.934,19.999,-0.83,0.60,2,322.94,
Player1_Car,21.42,617.746,16.793,599.901,17.209,0.00,0.00,0,336.06,
Player2_Car,21.42,608.395,18.386,595.928,17.795,0.00,0.00,0,326.53,
Player1_Car,21.62,620.805,16.348,599.911,15.001,-0.23,1.00,4,339.24,
Player2_Car,21.62,611.943,18.148,595.924,17.689,0.00,0.00,0,330.06,
Player1_Car,21.82,624.123,16.348,599.933,17.786,-0.02,0.87,4,342.56,
Player2_Car,21.82,615.469,17.517,595.920,17.583,0.00,0.00,0,333.65,
Player1_Car,22.02,627.854,16.348,599.952,19.166,0.12,0.70,4,346.29,
Player2_Car,22.02,618.974,16.495,595.916,17.478,0.00,0.00,0,337.37,
Player1_Car,22.22,631.753,16.348,599.969,19.696,0.22,0.64,4,350.19,
Player2_Car,22.22,621.965,16.348,595.932,15.812,-0.08,1.00,4,340.36,
Player1_Car,22.42,635.718,16.348,599.983,19.900,0.30,0.61,4,354.16,
Player2_Car,22.42,625.424,16.348,595.950,18.299,0.09,0.80,4,343.82,
Player1_Car,22.62,639.708,16.348,599.995,19.978,0.36,0.60,4,358.15,
Player2_Car,22.62,629.218,16.348,595.966,19.363,0.22,0.68,4,347.61,
Player1_Car,22.82,643.707,16.348,600.005,20.007,0.55,0.60,4,362.15,
Player2_Car,22.82,633.141,16.348,595.981,19.772,0.32,0.63,4,351.53,
Player1_Car,23.02,647.591,16.348,600.002,17.849,1.41,-0.46,4,366.03,
Player2_Car,23.02,637.115,16.348,595.994,19.928,0.40,0.61,4,355.51,
Player1_Car,23.22,650.599,16.348,599.979,13.374,1.77,0.08,4,369.04,
Player2_Car,23.22,641.108,16.348,596.005,19.988,0.46,0.60,4,359.50,
Player1_Car,23.42,653.057,16.348,599.935,11.651,2.25,0.28,4,371.50,
Player2_Car,23.42,645.109,16.348,596.013,20.011,0.97,0.60,4,363.50,
Player1_Car,23.62,655.303,16.348,599.859,10.985,2.75,0.36,4,373.74,
Player2_Car,23.62,648.889,16.348,596.002,16.480,1.59,-0.30,4,367.28,
Player1_Car,23.82,657.464,16.348,599.738,10.726,3.13,0.39,4,375.83,
Player2_Car,23.82,651.729,16.348,595.967,12.847,1.95,0.14,4,370.12,
Player1_Car,24.02,659.589,16.348,599.562,10.624,3.53,0.41,4,377.92,
Player2_Car,24.02,654.122,16.348,595.908,11.447,2.41,0.31,4,372.52,
Player1_Car,24.22,661.694,16.348,599.318,10.582,3.87,0.41,4,379.96,
Player2_Car,24.22,656.341,16.348,595.811,10.906,2.94,0.37,4,374.77,
Player1_Car,24.42,663.785,16.347,598.997,10.581,4.24,0.41,4,382.03,
Player2_Car,24.42,658.491,16.348,595.663,10.695,3.42,0.40,4,377.03,
Player1_Car,24.62,665.861,16.335,598.589,10.632,4.74,0.40,4,384.06,
Player2_Car,24.62,660.608,16.348,595.450,10.611,3.77,0.41,4,379.21,
Player1_Car,24.82,667.919,16.302,598.087,10.680,5.23,0.40,4,386.13,
Player2_Car,24.82,662.706,16.347,595.159,10.594,4.26,0.41,4,381.45,
Player1_Car,25.02,669.952,16.261,597.478,10.795,5.40,0.38,4,388.15,
Player2_Car,25.02,664.790,16.337,594.778,10.641,4.88,0.40,4,383.69,
Player1_Car,25.22,671.973,16.146,596.741,10.664,5.88,0.40,4,390.20,
Player2_Car,25.22,666.854,16.304,594.298,10.661,5.89,0.40,4,385.88,
Player1_Car,25.42,673.929,16.017,595.881,10.758,5.64,0.39,4,392.24,
Player2_Car,25.42,668.887,16.239,593.699,10.660,5.82,0.40,4,388.15,
Player1_Car,25.62,675.829,15.844,594.889,10.793,5.68,0.38,4,394.31,
Player2_Car,25.62,670.886,16.132,592.965,10.713,5.66,0.39,4,390.44,
Player1_Car,25.82,677.656,15.635,593.766,10.724,5.36,0.39,4,396.39,
Player2_Car,25.82,672.846,15.971,592.083,10.828,5.50,0.38,4,392.78,
Player1_Car,26.02,679.400,15.372,592.511,10.752,5.56,0.39,4,398.46,
Player2_Car,26.02,674.734,15.755,591.049,10.819,6.52,0.38,4,395.13,
Player1_Car,26.22,681.060,15.061,591.114,10.921,6.13,0.37,4,400.55,
Player2_Car,26.22,676.550,15.477,589.856,11.066,7.27,0.35,4,397.64,
Player1_Car,26.42,682.638,14.700,589.559,11.144,6.17,0.34,4,402.70,
Player2_Car,26.42,678.270,15.124,588.492,11.173,6.54,0.34,4,400.08,
Player1_Car,26.62,684.104,14.295,587.866,11.185,5.84,0.34,4,404.88,
Player2_Car,26.62,679.852,14.728,586.976,11.158,6.70,0.34,4,402.53,
Player1_Car,26.82,685.437,13.844,586.056,10.929,5.52,0.37,4,407.09,
Player2_Car,26.82,681.270,14.255,585.351,10.812,6.90,0.38,4,405.08,
Player1_Car,27.02,686.600,13.358,584.218,10.567,5.37,0.41,4,409.23,
Player2_Car,27.02,682.513,13.765,583.635,10.539,5.56,0.42,3,407.47,
Player1_Car,27.22,687.681,12.835,582.205,12.628,6.30,1.00,4,411.48,
Player2_Car,27.22,683.613,13.199,581.798,11.009,5.23,1.00,3,409.90,
Player1_Car,27.42,688.815,12.084,579.536,15.931,4.68,1.00,4,414.35,
Player2_Car,27.42,684.706,12.509,579.526,13.318,4.36,1.00,3,412.80,
Player1_Car,27.62,689.830,11.211,576.321,17.429,4.06,0.91,4,417.70,
Player2_Car,27.62,685.716,11.633,576.713,15.607,4.26,1.00,3,416.10,
Player1_Car,27.82,690.591,10.171,572.695,19.255,5.28,0.69,4,421.43,
Player2_Car,27.82,686.545,10.662,573.461,17.986,4.70,0.84,2,419.86,
Player1_Car,28.02,691.091,9.089,568.777,20.231,3.75,0.57,4,425.45,
Player2_Car,28.02,687.278,9.448,569.765,19.041,3.11,0.72,4,424.12,
Player1_Car,28.22,691.326,8.085,564.770,20.165,3.96,0.58,4,429.47,
Player2_Car,28.22,687.437,8.384,565.904,19.630,1.66,0.64,4,428.26,
Player1_Car,28.42,691.381,7.077,560.725,20.155,4.02,0.58,4,433.59,
Player2_Car,28.42,687.453,7.325,561.914,20.051,1.53,0.59,4,432.50,
Player1_Car,28.62,691.299,6.111,556.690,20.145,2.74,0.58,4,437.73,
Player2_Car,28.62,687.358,6.353,557.906,20.079,2.62,0.59,4,436.65,
Player1_Car,28.82,691.124,5.159,552.656,20.279,1.15,0.57,4,441.86,
Player2_Car,28.82,687.175,5.393,553.882,20.104,2.55,0.59,4,440.81,
Player1_Car,29.02,690.875,4.232,548.628,20.195,1.82,0.58,4,445.98,
Player2_Car,29.02,686.924,4.462,549.856,20.063,1.31,0.59,4,444.97,
Player1_Car,29.22,690.568,3.315,544.602,20.160,2.29,0.58,4,450.11,
Player2_Car,29.22,686.627,3.528,545.865,19.969,1.26,0.60,4,449.09,
Player1_Car,29.42,690.211,2.412,540.580,20.152,1.98,0.58,4,454.22,
Player2_Car,29.42,686.288,2.620,541.891,20.060,1.45,0.59,4,453.21,
Player1_Car,29.62,689.813,1.523,536.561,20.276,0.72,0.57,4,458.34,
Player2_Car,29.62,685.912,1.728,537.890,20.165,1.37,0.58,4,457.34,
Player1_Car,29.82,689.377,0.659,532.549,20.190,1.27,0.58,4,462.45,
Player2_Car,29.82,685.493,0.879,533.885,20.085,0.83,0.59,4,461.48,
Player1_Car,30.02,688.905,-0.194,528.541,20.151,1.78,0.58,4,466.56,
Player2_Car,30.02,685.036,-0.026,529.832,20.283,1.41,0.57,4,465.68,
Player1_Car,30.22,688.396,-1.033,524.538,20.136,1.73,0.58,4,470.66,
Player2_Car,30.22,684.522,-0.874,525.822,20.237,1.26,0.57,4,469.82,
Player1_Car,30.42,687.849,-1.831,520.550,19.872,-0.25,0.62,4,474.75,
Player2_Car,30.42,683.981,-1.707,521.820,20.227,0.95,0.57,4,473.97,
Player1_Car,30.62,687.266,-2.664,516.606,20.061,0.44,0.59,4,478.81,
Player2_Car,30.62,683.412,-2.531,517.823,20.159,1.50,0.58,4,478.11,
Player1_Car,30.82,686.665,-3.473,512.637,20.112,0.86,0.59,4,482.88,
Player2_Car,30.82,682.820,-3.359,513.825,20.222,1.31,0.57,4,482.25,
Player1_Car,31.02,686.050,-4.295,508.650,20.187,0.84,0.58,4,487.00,
Player2_Car,31.02,682.212,-4.181,509.830,20.210,1.31,0.57,4,486.38,
Player1_Car,31.22,685.429,-5.115,504.658,20.211,0.88,0.57,4,491.12,
Player2_Car,31.22,681.596,-5.002,505.835,20.214,1.36,0.57,4,490.50,
Player1_Car,31.42,684.805,-5.936,500.663,20.221,0.76,0.57,4,495.25,
Player2_Car,31.42,680.976,-5.822,501.840,20.218,1.28,0.57,4,494.63,
Player1_Car,31.62,684.183,-6.757,496.667,20.226,0.44,0.57,4,499.37,
Player2_Car,31.62,680.355,-6.643,497.844,20.220,0.97,0.57,4,498.76,
Player1_Car,31.82,683.567,-7.579,492.668,20.233,0.00,0.57,4,503.50,
Player2_Car,31.82,679.739,-7.463,493.848,20.212,0.52,0.57,4,502.88,
Player1_Car,32.02,682.960,-8.404,488.668,20.251,-0.51,0.57,4,507.65,
Player2_Car,32.02,679.130,-8.283,489.850,20.198,-0.02,0.58,4,506.99,
Player1_Car,32.22,682.364,-9.226,484.667,20.188,-0.95,0.58,4,511.79,
Player2_Car,32.22,678.531,-9.058,485.853,20.378,-0.46,0.55,4,511.09,
Player1_Car,32.42,681.781,-10.037,480.669,20.233,-1.32,0.57,4,515.93,
Player2_Car,32.42,677.942,-9.909,481.826,20.193,-0.52,0.58,4,515.24,
Player1_Car,32.62,681.212,-10.778,476.689,20.116,-1.60,0.59,4,520.03,
Player2_Car,32.62,677.382,-10.660,477.838,20.092,-0.86,0.59,4,519.34,
Player1_Car,32.82,680.652,-11.451,472.722,20.046,-1.97,0.59,4,524.11,
Player2_Car,32.82,676.827,-11.315,473.847,20.452,-0.51,0.55,4,523.42,
Player1_Car,33.02,680.100,-12.055,468.763,20.037,-1.71,0.60,4,528.16,
Player2_Car,33.02,676.291,-11.963,469.845,20.023,-0.55,0.60,4,527.51,
Player1_Car,33.22,679.558,-12.591,464.809,19.995,-1.87,0.60,4,532.19,
Player2_Car,33.22,675.770,-12.513,465.875,20.024,-0.45,0.60,4,531.56,
Player1_Car,33.42,679.025,-13.061,460.860,19.950,-1.72,0.61,4,536.21,
Player2_Car,33.42,675.249,-12.992,461.916,19.985,-0.23,0.60,4,535.58,
Player1_Car,33.62,678.493,-13.466,456.916,19.987,-1.16,0.60,4,540.21,
Player2_Car,33.62,674.726,-13.406,457.963,19.868,0.10,0.62,4,539.60,
Player1_Car,33.82,677.958,-13.759,452.983,19.832,0.65,0.62,3,544.19,
Player2_Car,33.82,674.195,-13.759,454.015,19.933,0.63,0.61,4,543.62,
Player1_Car,34.02,677.438,-14.075,449.080,19.675,0.56,0.64,4,548.13,
Player2_Car,34.02,673.651,-14.024,450.056,20.299,0.38,0.56,4,547.64,
Player1_Car,34.22,676.900,-14.286,445.174,19.852,1.39,0.62,4,552.07,
Player2_Car,34.22,673.082,-14.262,446.105,19.882,0.97,0.61,4,551.66,
Player1_Car,34.42,676.343,-14.431,441.261,19.829,2.19,0.62,4,556.02,
Player2_Car,34.42,672.488,-14.416,442.180,19.775,1.70,0.63,4,555.66,
Player1_Car,34.62,675.755,-14.515,437.351,19.809,2.60,0.62,4,559.96,
Player2_Car,34.62,671.863,-14.507,438.264,19.851,1.34,0.62,4,559.64,
Player1_Car,34.82,675.118,-14.491,433.462,19.822,1.03,0.62,3,563.88,
Player2_Car,34.82,671.199,-14.537,434.357,19.834,2.02,0.62,4,563.64,
Player1_Car,35.02,674.401,-14.539,429.484,20.010,2.36,0.60,4,567.90,
Player2_Car,35.02,670.480,-14.540,430.447,19.922,1.97,0.61,4,567.64,
Player1_Car,35.22,673.590,-14.540,425.572,19.988,2.01,0.60,4,571.86,
Player2_Car,35.22,669.692,-14.540,426.535,19.977,2.10,0.60,4,571.65,
Player1_Car,35.42,672.711,-14.540,421.671,20.002,2.13,0.60,4,575.83,
Player2_Car,35.42,668.825,-14.540,422.632,19.998,2.20,0.60,4,575.70,
Player1_Car,35.62,671.753,-14.540,417.786,20.007,2.19,0.60,4,579.78,
Player2_Car,35.62,667.874,-14.540,418.746,20.005,2.26,0.60,4,579.76,
Player1_Car,35.82,670.711,-14.540,413.922,20.009,2.25,0.60,4,583.73,
Player2_Car,35.82,666.833,-14.540,414.883,20.008,2.30,0.60,4,583.82,
Player1_Car,36.02,669.582,-14.540,410.083,20.009,2.29,0.60,4,587.70,
Player2_Car,36.02,665.702,-14.540,411.045,20.009,2.33,0.60,4,587.86,
Player1_Car,36.22,668.363,-14.540,406.272,20.009,2.28,0.60,4,591.65,
Player2_Car,36.22,664.477,-14.540,407.235,20.009,2.33,0.60,4,591.92,
Player1_Car,36.42,667.054,-14.540,402.490,20.009,2.30,0.60,4,595.60,
Player2_Car,36.42,663.161,-14.540,403.456,20.009,2.33,0.60,4,595.98,
Player1_Car,36.62,665.656,-14.540,398.741,20.009,2.31,0.60,4,599.57,
Player2_Car,36.62,661.752,-14.540,399.710,20.009,2.33,0.60,4,600.04,
Player1_Car,36.82,664.169,-14.540,395.026,20.009,2.29,0.60,4,603.52,
Player2_Car,36.82,660.253,-14.540,396.000,20.009,2.33,0.60,4,604.08,
Player1_Car,37.02,662.594,-14.540,391.347,20.009,2.29,0.60,4,607.47,
Player2_Car,37.02,658.664,-14.540,392.327,20.009,2.32,0.60,4,608.14,
Player1_Car,37.22,660.932,-14.540,387.706,20.009,2.29,0.60,4,611.44,
Player2_Car,37.22,656.986,-14.540,388.694,20.009,2.31,0.60,4,612.20,
Player1_Car,37.42,659.186,-14.540,384.105,20.010,2.27,0.60,4,615.39,
Player2_Car,37.42,655.222,-14.540,385.103,20.009,2.31,0.60,4,616.24,
Player1_Car,37.62,657.356,-14.540,380.546,20.010,2.27,0.60,4,619.35,
Player2_Car,37.62,653.372,-14.540,381.554,20.009,2.29,0.60,4,620.29,
Player1_Car,37.82,655.444,-14.540,377.031,20.010,2.27,0.60,4,623.32,
Player2_Car,37.82,651.439,-14.540,378.050,20.009,2.29,0.60,4,624.35,
Player1_Car,38.02,653.452,-14.540,373.560,20.010,2.24,0.60,4,627.27,
Player2_Car,38.02,649.423,-14.540,374.593,20.010,2.28,0.60,4,628.41,
Player1_Car,38.22,651.380,-14.540,370.136,20.010,2.25,0.60,4,631.24,
Player2_Car,38.22,647.328,-14.540,371.183,20.010,2.27,0.60,4,632.45,
Player1_Car,38.42,649.232,-14.540,366.760,20.010,2.24,0.60,4,635.20,
Player2_Car,38.42,645.154,-14.540,367.823,20.010,2.26,0.60,4,636.50,
Player1_Car,38.62,647.007,-14.540,363.433,20.010,2.22,0.60,4,639.15,
Player2_Car,38.62,642.904,-14.540,364.514,20.010,2.25,0.60,4,640.56,
Player1_Car,38.82,644.710,-14.540,360.157,20.010,2.23,0.60,4,643.12,
Player2_Car,38.82,640.578,-14.540,361.258,20.010,2.24,0.60,4,644.60,
Player1_Car,39.02,642.339,-14.540,356.933,20.010,2.21,0.60,4,647.08,
Player2_Car,39.02,638.180,-14.540,358.054,20.010,2.23,0.60,4,648.65,
Player1_Car,39.22,639.898,-14.540,353.761,20.010,2.19,0.60,4,651.03,
Player2_Car,39.22,635.710,-14.540,354.905,20.010,2.22,0.60,4,652.70,
Player1_Car,39.42,637.389,-14.540,350.644,20.010,2.20,0.60,4,655.00,
Player2_Car,39.42,633.170,-14.540,351.812,20.010,2.21,0.60,4,656.76,
Player1_Car,39.62,634.813,-14.540,347.581,20.010,2.18,0.60,4,658.96,
Player2_Car,39.62,630.563,-14.540,348.776,20.010,2.21,0.60,4,660.79,
Player1_Car,39.82,632.171,-14.540,344.575,20.010,2.17,0.60,4,662.92,
Player2_Car,39.82,627.890,-14.540,345.798,20.010,2.19,0.60,4,664.85,
Player1_Car,40.02,629.466,-14.540,341.626,20.010,2.18,0.60,4,666.89,
Player2_Car,40.02,625.153,-14.540,342.878,20.010,2.18,0.60,4,668.90,
Player1_Car,40.22,626.698,-14.540,338.735,20.010,2.16,0.60,4,670.85,
Player2_Car,40.22,622.354,-14.540,340.019,20.010,2.18,0.60,4,672.95,
Player1_Car,40.42,623.871,-14.540,335.903,20.011,2.14,0.60,4,674.80,
Player2_Car,40.42,619.494,-14.540,337.219,20.010,2.17,0.60,4,676.99,
Player1_Car,40.62,620.985,-14.540,333.130,20.011,2.15,0.60,4,678.78,
Player2_Car,40.62,616.575,-14.540,334.481,20.010,2.16,0.60,4,681.04,
Player1_Car,40.82,618.043,-14.540,330.418,20.011,2.13,0.60,4,682.74,
Player2_Car,40.82,613.599,-14.540,331.805,20.011,2.15,0.60,4,685.09,
Player1_Car,41.02,615.045,-14.540,327.766,20.011,2.12,0.60,4,686.69,
Player2_Car,41.02,610.569,-14.540,329.191,20.011,2.15,0.60,4,689.12,
Player1_Car,41.22,611.994,-14.540,325.176,20.011,2.13,0.60,4,690.67,
Player2_Car,41.22,607.485,-14.540,326.641,20.011,2.13,0.60,4,693.17,
Player1_Car,41.42,608.891,-14.540,322.649,20.011,2.11,0.60,4,694.63,
Player2_Car,41.42,604.349,-14.540,324.154,20.011,2.12,0.60,4,697.22,
Player1_Car,41.62,605.738,-14.540,320.183,20.011,2.10,0.60,4,698.59,
Player2_Car,41.62,601.163,-14.540,321.732,20.011,2.12,0.60,4,701.27,
Player1_Car,41.82,602.537,-14.540,317.782,20.011,2.10,0.60,4,702.56,
Player2_Car,41.82,597.929,-14.540,319.375,20.011,2.11,0.60,4,705.31,
Player1_Car,42.02,599.289,-14.540,315.444,20.011,2.08,0.60,4,706.52,
Player2_Car,42.02,594.648,-14.540,317.082,20.011,2.10,0.60,4,709.35,
Player1_Car,42.22,595.996,-14.540,313.170,20.011,2.08,0.60,4,710.48,
Player2_Car,42.22,591.322,-14.540,314.856,20.011,2.09,0.60,4,713.40,
Player1_Car,42.42,592.658,-14.540,310.960,20.011,2.08,0.60,4,714.46,
Player2_Car,42.42,587.954,-14.540,312.696,20.011,2.09,0.60,4,717.43,
Player1_Car,42.62,589.279,-14.540,308.816,20.011,2.06,0.60,4,718.42,
Player2_Car,42.62,584.543,-14.540,310.602,20.011,2.08,0.60,4,721.48,
Player1_Car,42.82,585.860,-14.540,306.736,20.011,2.06,0.60,4,722.38,
Player2_Car,42.82,581.092,-14.540,308.575,20.011,2.07,0.60,4,725.53,
Player1_Car,43.02,582.401,-14.540,304.723,20.011,2.06,0.60,4,726.35,
Player2_Car,43.02,577.603,-14.540,306.615,20.011,2.07,0.60,4,729.56,
Player1_Car,43.22,578.905,-14.540,302.775,20.011,2.04,0.60,4,730.31,
Player2_Car,43.22,574.076,-14.540,304.722,20.011,2.06,0.60,4,733.61,
Player1_Car,43.42,575.373,-14.540,300.893,20.011,2.04,0.60,4,734.28,
Player2_Car,43.42,570.514,-14.540,302.897,20.011,2.05,0.60,4,737.65,
Player1_Car,43.62,571.806,-14.540,299.078,20.011,2.04,0.60,4,738.25,
Player2_Car,43.62,566.918,-14.540,301.140,20.011,2.05,0.60,4,741.70,
Player1_Car,43.82,568.206,-14.540,297.330,20.011,2.03,0.60,4,742.21,
Player2_Car,43.82,563.290,-14.540,299.451,20.011,2.05,0.60,4,745.73,
Player1_Car,44.02,564.574,-14.540,295.648,20.012,2.02,0.60,4,746.18,
Player2_Car,44.02,559.631,-14.540,297.830,20.011,2.04,0.60,4,749.78,
Player1_Car,44.22,560.912,-14.540,294.033,20.012,2.03,0.60,4,750.15,
Player2_Car,44.22,555.942,-14.540,296.278,20.011,2.03,0.60,4,753.82,
Player1_Car,44.42,557.221,-14.540,292.486,20.012,2.01,0.60,4,754.12,
Player2_Car,44.42,552.225,-14.540,294.794,20.011,2.03,0.60,4,757.85,
Player1_Car,44.62,553.502,-14.540,291.005,20.012,2.01,0.60,4,758.08,
Player2_Car,44.62,548.481,-14.540,293.379,20.012,2.02,0.60,4,761.90,
Player1_Car,44.82,549.758,-14.540,289.593,20.012,2.01,0.60,4,762.06,
Player2_Car,44.82,544.712,-14.540,292.033,20.012,2.02,0.60,4,765.94,
Player1_Car,45.02,545.988,-14.540,288.248,20.012,2.00,0.60,4,766.02,
Player2_Car,45.02,540.919,-14.540,290.756,20.012,2.02,0.60,4,769.99,
Player1_Car,45.22,542.195,-14.540,286.970,20.012,2.00,0.60,4,769.98,
Player2_Car,45.22,537.104,-14.540,289.547,20.012,2.01,0.60,4,774.02,
Player1_Car,45.42,538.380,-14.540,285.761,20.012,2.00,0.60,4,773.96,
Player2_Car,45.42,533.267,-14.540,288.408,20.012,2.00,0.60,4,778.06,
Player1_Car,45.62,534.544,-14.540,284.619,20.012,1.98,0.60,4,777.92,
Player2_Car,45.62,529.410,-14.540,287.338,20.012,2.00,0.60,4,782.10,
Player1_Car,45.82,530.689,-14.540,283.545,20.012,1.99,0.60,4,781.89,
Player2_Car,45.82,525.535,-14.540,286.338,20.012,2.00,0.60,4,786.13,
Player1_Car,46.02,526.815,-14.540,282.540,20.012,1.98,0.60,4,785.87,
Player2_Car,46.02,521.643,-14.540,285.407,20.012,2.00,0.60,4,790.18,
Player1_Car,46.22,522.924,-14.540,281.603,20.012,1.97,0.60,4,789.83,
Player2_Car,46.22,517.734,-14.540,284.545,20.012,1.99,0.60,4,794.22,
Player1_Car,46.42,519.017,-14.540,280.733,20.012,1.98,0.60,4,793.81,
Player2_Car,46.42,513.811,-14.540,283.753,20.012,2.00,0.60,4,798.26,
Player1_Car,46.62,515.095,-14.540,279.933,20.012,1.98,0.60,4,797.77,
Player2_Car,46.62,509.874,-14.540,283.030,20.012,1.99,0.60,4,802.29,
Player1_Car,46.82,511.161,-14.540,279.200,20.012,1.96,0.60,4,801.74,
Player2_Car,46.82,505.926,-14.540,282.377,20.012,1.99,0.60,4,806.34,
Player1_Car,47.02,507.214,-14.540,278.536,20.012,1.98,0.60,4,805.71,
Player2_Car,47.02,501.966,-14.540,281.794,20.012,1.99,0.60,4,810.38,
Player1_Car,47.22,503.256,-14.540,277.941,20.012,1.97,0.60,4,809.68,
Player2_Car,47.22,497.997,-14.540,281.280,20.012,1.99,0.60,4,814.41,
Player1_Car,47.42,499.289,-14.540,277.414,20.012,1.96,0.60,4,813.64,
Player2_Car,47.42,494.019,-14.540,280.836,20.012,1.98,0.60,4,818.45,
Player1_Car,47.62,495.313,-14.540,276.955,20.012,1.97,0.60,4,817.62,
Player2_Car,47.62,490.035,-14.540,280.462,20.012,1.98,0.60,4,822.49,
Player1_Car,47.82,491.329,-14.540,276.565,20.012,1.97,0.60,4,821.59,
Player2_Car,47.82,486.044,-14.540,280.158,20.012,1.98,0.60,4,826.52,
Player1_Car,48.02,487.340,-14.540,276.243,20.012,1.96,0.60,4,825.55,
Player2_Car,48.02,482.048,-14.540,279.923,20.012,1.98,0.60,4,830.57,
Player1_Car,48.22,483.346,-14.540,275.990,20.012,1.97,0.60,4,829.53,
Player2_Car,48.22,478.050,-14.540,279.758,20.012,1.97,0.60,4,834.61,
Player1_Car,48.42,479.347,-14.540,275.806,20.012,1.96,0.60,4,833.49,
Player2_Car,48.42,474.048,-14.540,279.663,20.012,1.98,0.60,4,838.65,
Player1_Car,48.62,475.347,-14.540,275.690,20.012,1.96,0.60,4,837.46,
Player2_Car,48.62,470.046,-14.540,279.638,20.012,1.98,0.60,4,842.68,
Player1_Car,48.82,471.345,-14.540,275.643,20.012,1.97,0.60,4,841.44,
Player2_Car,48.82,466.044,-14.540,279.683,20.012,1.98,0.60,4,846.72,
Player1_Car,49.02,467.342,-14.540,275.665,20.012,1.96,0.60,4,845.40,
Player2_Car,49.02,462.043,-14.540,279.798,20.012,1.98,0.60,4,850.77,
Player1_Car,49.22,463.341,-14.540,275.756,20.012,1.96,0.60,4,849.37,
Player2_Car,49.22,458.045,-14.540,279.982,20.012,1.98,0.60,4,854.79,
Player1_Car,49.42,459.342,-14.540,275.915,20.012,1.97,0.60,4,853.35,
Player2_Car,49.42,454.051,-14.540,280.236,20.012,1.98,0.60,4,858.84,
Player1_Car,49.62,455.346,-14.540,276.142,20.012,1.96,0.60,4,857.31,
Player2_Car,49.62,450.062,-14.540,280.561,20.012,1.98,0.60,4,862.88,
Player1_Car,49.82,451.355,-14.540,276.439,20.012,1.97,0.60,4,861.28,
Player2_Car,49.82,446.079,-14.540,280.955,20.012,1.98,0.60,4,866.91,
Player1_Car,50.02,447.369,-14.540,276.804,20.012,1.97,0.60,4,865.25,
Player2_Car,50.02,442.104,-14.540,281.419,20.012,1.99,0.60,4,870.95,
Player1_Car,50.22,443.390,-14.540,277.238,20.012,1.97,0.60,4,869.22,
Player2_Car,50.22,438.137,-14.540,281.953,20.012,1.98,0.60,4,874.99,
Player1_Car,50.42,439.420,-14.540,277.740,20.012,1.97,0.60,4,873.18,
Player2_Car,50.42,434.181,-14.540,282.557,20.012,1.99,0.60,4,879.04,
Player1_Car,50.62,435.458,-14.540,278.312,20.012,1.98,0.60,4,877.16,
Player2_Car,50.62,430.236,-14.540,283.230,20.012,2.00,0.60,4,883.07,
Player1_Car,50.82,431.508,-14.540,278.951,20.012,1.97,0.60,4,881.13,
Player2_Car,50.82,426.303,-14.540,283.974,20.012,1.99,0.60,4,887.11,
Player1_Car,51.02,427.568,-14.540,279.660,20.012,1.98,0.60,4,885.09,
Player2_Car,51.02,422.384,-14.540,284.788,20.012,2.00,0.60,4,891.15,
Player1_Car,51.22,423.642,-14.540,280.437,20.012,1.99,0.60,4,889.07,
Player2_Car,51.22,418.481,-14.540,285.671,20.012,2.00,0.60,4,895.18,
Player1_Car,51.42,419.730,-14.540,281.283,20.012,1.98,0.60,4,893.03,
Player2_Car,51.42,414.593,-14.540,286.624,20.012,2.00,0.60,4,899.23,
Player1_Car,51.62,415.834,-14.540,282.197,20.012,1.99,0.60,4,897.00,
Player2_Car,51.62,410.724,-14.540,287.646,20.012,2.00,0.60,4,903.27,
Player1_Car,51.82,411.954,-14.540,283.180,20.012,2.00,0.60,4,900.97,
Player2_Car,51.82,406.874,-14.540,288.739,20.012,2.02,0.60,4,907.31,
Player1_Car,52.02,408.093,-14.540,284.232,20.012,1.99,0.60,4,904.94,
Player2_Car,52.02,403.044,-14.540,289.901,20.012,2.02,0.60,4,911.35,
Player1_Car,52.22,404.250,-14.540,285.351,20.012,2.00,0.60,4,908.90,
Player2_Car,52.22,399.236,-14.540,291.132,20.012,2.02,0.60,4,915.39,
Player1_Car,52.42,400.428,-14.540,286.539,20.012,2.01,0.60,4,912.88,
Player2_Car,52.42,395.451,-14.540,292.433,20.012,2.03,0.60,4,919.43,
Player1_Car,52.62,396.628,-14.540,287.796,20.012,2.00,0.60,4,916.84,
Player2_Car,52.62,391.691,-14.540,293.804,20.012,2.04,0.60,4,923.46,
Player1_Car,52.82,392.852,-14.540,289.120,20.012,2.01,0.60,4,920.80,
Player2_Car,52.82,387.956,-14.540,295.243,20.011,2.03,0.60,4,927.51,
Player1_Car,53.02,389.099,-14.540,290.513,20.012,2.02,0.60,4,924.78,
Player2_Car,53.02,384.249,-14.540,296.752,20.011,2.04,0.60,4,931.56,
Player1_Car,53.22,385.373,-14.540,291.974,20.012,2.01,0.60,4,928.74,
Player2_Car,53.22,380.571,-14.540,298.330,20.011,2.05,0.60,4,935.60,
Player1_Car,53.42,381.674,-14.540,293.502,20.012,2.03,0.60,4,932.71,
Player2_Car,53.42,376.924,-14.540,299.977,20.011,2.05,0.60,4,939.63,
Player1_Car,53.62,378.004,-14.540,295.099,20.012,2.03,0.60,4,936.68,
Player2_Car,53.62,373.308,-14.540,301.692,20.011,2.06,0.60,4,943.68,
Player1_Car,53.82,374.364,-14.540,296.763,20.011,2.03,0.60,4,940.65,
Player2_Car,53.82,369.725,-14.540,303.476,20.011,2.07,0.60,4,947.72,
Player1_Car,54.02,370.756,-14.540,298.494,20.011,2.05,0.60,4,944.61,
Player2_Car,54.02,366.178,-14.540,305.329,20.011,2.08,0.60,4,951.76,
Player1_Car,54.22,367.181,-14.540,300.292,20.011,2.05,0.60,4,948.58,
Player2_Car,54.22,362.666,-14.540,307.249,20.011,2.08,0.60,4,955.80,
Player1_Car,54.42,363.640,-14.540,302.158,20.011,2.05,0.60,4,952.54,
Player2_Car,54.42,359.193,-14.540,309.237,20.011,2.08,0.60,4,959.85,
Player1_Car,54.62,360.135,-14.540,304.090,20.011,2.07,0.60,4,956.52,
Player2_Car,54.62,355.759,-14.540,311.293,20.011,2.09,0.60,4,963.88,
Player1_Car,54.82,356.667,-14.540,306.089,20.011,2.07,0.60,4,960.48,
Player2_Car,54.82,352.367,-14.540,313.416,20.011,2.10,0.60,4,967.93,
Player1_Car,55.02,353.239,-14.540,308.154,20.011,2.07,0.60,4,964.44,
Player2_Car,55.02,349.017,-14.540,315.606,20.011,2.10,0.60,4,971.98,
Player1_Car,55.22,349.851,-14.540,310.285,20.011,2.09,0.60,4,968.42,
Player2_Car,55.22,345.711,-14.540,317.863,20.011,2.12,0.60,4,976.03,
Player1_Car,55.42,346.506,-14.540,312.481,20.011,2.09,0.60,4,972.38,
Player2_Car,55.42,342.452,-14.540,320.185,20.011,2.13,0.60,4,980.06,
Player1_Car,55.62,343.204,-14.540,314.743,20.011,2.09,0.60,4,976.34,
Player2_Car,55.62,339.241,-14.540,322.574,20.011,2.13,0.60,4,984.11,
Player1_Car,55.82,339.948,-14.540,317.069,20.011,2.11,0.60,4,980.31,
Player2_Car,55.82,336.079,-14.540,325.027,20.011,2.14,0.60,4,988.16,
Player1_Car,56.02,336.738,-14.540,319.460,20.011,2.11,0.60,4,984.27,
Player2_Car,56.02,332.969,-14.540,327.546,20.011,2.15,0.60,4,992.20,
Player1_Car,56.22,333.577,-14.540,321.915,20.011,2.11,0.60,4,988.23,
Player2_Car,56.22,329.911,-14.540,330.128,20.011,2.16,0.60,4,996.25,
Player1_Car,56.42,330.467,-14.540,324.433,20.011,2.13,0.60,4,992.20,
Player2_Car,56.42,326.909,-14.540,332.774,20.011,2.16,0.60,4,1000.30,
Player1_Car,56.62,327.408,-14.540,327.014,20.011,2.14,0.60,4,996.16,
Player2_Car,56.62,323.963,-14.540,335.483,20.010,2.18,0.60,4,1004.35,
Player1_Car,56.82,324.403,-14.540,329.657,20.011,2.13,0.60,4,1000.12,
Player2_Car,56.82,321.075,-14.540,338.254,20.010,2.19,0.60,4,1008.39,
Player1_Car,57.02,321.453,-14.540,332.362,20.011,2.16,0.60,4,1004.09,
Player2_Car,57.02,318.248,-14.540,341.086,20.010,2.19,0.60,4,1012.44,
Player1_Car,57.22,318.561,-14.540,335.128,20.011,2.16,0.60,4,1008.05,
Player2_Car,57.22,315.483,-14.540,343.979,20.010,2.19,0.60,4,1016.49,
Player1_Car,57.42,315.727,-14.540,337.954,20.010,2.16,0.60,4,1012.01,
Player2_Car,57.42,312.781,-14.540,346.932,20.010,2.21,0.60,4,1020.53,
Player1_Car,57.62,312.954,-14.540,340.839,20.010,2.19,0.60,4,1015.98,
Player2_Car,57.62,310.146,-14.540,349.943,20.010,2.22,0.60,4,1024.58,
Player1_Car,57.82,310.243,-14.540,343.783,20.010,2.19,0.60,4,1019.94,
Player2_Car,57.82,307.578,-14.540,353.012,20.010,2.23,0.60,4,1028.63,
Player1_Car,58.02,307.596,-14.540,346.785,20.010,2.19,0.60,4,1023.89,
Player2_Car,58.02,305.079,-14.540,356.138,20.010,2.24,0.60,4,1032.69,
Player1_Car,58.22,305.015,-14.540,349.843,20.010,2.21,0.60,4,1027.86,
Player2_Car,58.22,302.652,-14.540,359.320,20.010,2.25,0.60,4,1036.73,
Player1_Car,58.42,302.501,-14.540,352.957,20.010,2.21,0.60,4,1031.82,
Player2_Car,58.42,300.297,-14.540,362.556,20.010,2.26,0.60,4,1040.78,
Player1_Car,58.62,300.057,-14.540,356.126,20.010,2.22,0.60,4,1035.77,
Player2_Car,58.62,298.018,-14.540,365.845,20.010,2.26,0.60,4,1044.84,
Player1_Car,58.82,297.684,-14.540,359.348,20.010,2.24,0.60,4,1039.74,
Player2_Car,58.82,295.815,-14.540,369.186,20.010,2.28,0.60,4,1048.89,
Player1_Car,59.02,295.383,-14.540,362.623,20.010,2.23,0.60,4,1043.70,
Player2_Car,59.02,293.690,-14.540,372.577,20.010,2.29,0.60,4,1052.93,
Player1_Car,59.22,293.157,-14.540,365.948,20.010,2.25,0.60,4,1047.65,
Player2_Car,59.22,291.646,-14.540,376.017,20.010,2.29,0.60,4,1056.99,
Player1_Car,59.42,291.007,-14.540,369.323,20.010,2.26,0.60,4,1051.62,
Player2_Car,59.42,289.683,-14.540,379.505,20.009,2.30,0.60,4,1061.05,
Player1_Car,59.62,288.934,-14.540,372.747,20.010,2.26,0.60,4,1055.58,
Player2_Car,59.62,287.805,-14.540,383.038,20.009,2.31,0.60,4,1065.08,
Player1_Car,59.82,286.942,-14.540,376.217,20.010,2.27,0.60,4,1059.53,
Player2_Car,59.82,286.011,-14.540,386.616,20.009,2.32,0.60,4,1069.14,
Player1_Car,60.02,285.030,-14.540,379.733,20.010,2.29,0.60,4,1063.50,
Player2_Car,60.02,284.305,-14.540,390.235,20.009,2.32,0.60,4,1073.20,
Player1_Car,60.22,283.201,-14.540,383.292,20.010,2.28,0.60,4,1067.45,
Player2_Car,60.22,282.687,-14.540,393.895,20.009,2.34,0.60,4,1077.26,
Player1_Car,60.42,281.456,-14.540,386.893,20.010,2.29,0.60,4,1071.40,
Player2_Car,60.42,281.158,-14.540,397.594,20.009,2.35,0.60,4,1081.30,
Player1_Car,60.62,279.796,-14.540,390.535,20.009,2.31,0.60,4,1075.37,
Player2_Car,60.62,279.722,-14.540,401.329,20.009,2.35,0.60,4,1085.36,
Player1_Car,60.82,278.224,-14.540,394.215,20.009,2.30,0.60,4,1079.32,
Player2_Car,60.82,278.378,-14.540,405.098,20.009,2.35,0.60,4,1089.42,
Player1_Car,61.02,276.740,-14.540,397.931,20.009,2.31,0.60,4,1083.28,
Player2_Car,61.02,277.128,-14.540,408.899,20.009,2.36,0.60,4,1093.46,
Player1_Car,61.22,275.347,-14.540,401.682,20.009,2.33,0.60,4,1087.24,
Player2_Car,61.22,275.973,-14.540,412.731,20.009,2.36,0.60,4,1097.52,
Player1_Car,61.42,274.044,-14.540,405.466,20.009,2.32,0.60,4,1091.20,
Player2_Car,61.42,274.915,-14.540,416.590,20.009,2.35,0.60,4,1101.58,
Player1_Car,61.62,272.834,-14.540,409.281,20.009,2.33,0.60,4,1095.15,
Player2_Car,61.62,273.952,-14.540,420.474,20.009,2.32,0.60,4,1105.64,
Player1_Car,61.82,271.717,-14.540,413.123,20.009,2.33,0.60,4,1099.11,
Player2_Car,61.82,273.083,-14.540,424.380,20.009,2.28,0.60,4,1109.68,
Player1_Car,62.02,270.693,-14.540,416.992,20.009,2.30,0.60,4,1103.06,
Player2_Car,62.02,272.307,-14.539,428.306,20.007,2.23,0.60,4,1113.74,
Player1_Car,62.22,269.763,-14.540,420.884,20.009,2.28,0.60,4,1107.01,
Player2_Car,62.22,271.619,-14.520,432.238,19.889,2.64,0.61,4,1117.79,
Player1_Car,62.42,268.924,-14.540,424.797,20.010,2.24,0.60,4,1110.98,
Player2_Car,62.42,271.017,-14.450,436.164,19.850,1.98,0.62,4,1121.82,
Player1_Car,62.62,268.174,-14.537,428.726,19.954,2.46,0.61,4,1114.94,
Player2_Car,62.62,270.493,-14.313,440.085,19.770,2.17,0.63,4,1125.81,
Player1_Car,62.82,267.510,-14.509,432.659,19.915,2.07,0.61,4,1118.88,
Player2_Car,62.82,270.043,-14.115,444.010,19.780,1.86,0.63,4,1129.81,
Player1_Car,63.02,266.926,-14.383,436.571,19.852,2.05,0.62,3,1122.82,
Player2_Car,63.02,269.661,-13.852,447.937,19.748,1.70,0.63,4,1133.81,
Player1_Car,63.22,266.425,-14.273,440.543,19.755,2.02,0.63,4,1126.79,
Player2_Car,63.22,269.342,-13.525,451.866,19.706,2.02,0.64,4,1137.79,
Player1_Car,63.42,265.991,-14.063,444.470,19.711,2.37,0.63,4,1130.72,
Player2_Car,63.42,269.079,-13.136,455.799,19.669,1.85,0.64,4,1141.79,
Player1_Car,63.62,265.620,-13.793,448.401,19.778,1.69,0.63,4,1134.66,
Player2_Car,63.62,268.873,-12.644,459.718,19.716,0.41,0.63,3,1145.78,
Player1_Car,63.82,265.309,-13.458,452.332,19.721,1.98,0.63,4,1138.59,
Player2_Car,63.82,268.700,-12.160,463.722,19.721,1.21,0.63,4,1149.84,
Player1_Car,64.02,265.054,-13.062,456.267,19.645,2.30,0.64,4,1142.54,
Player2_Car,64.02,268.591,-11.580,467.664,19.657,1.37,0.64,4,1153.85,
Player1_Car,64.22,264.849,-12.606,460.203,19.750,1.14,0.63,4,1146.48,
Player2_Car,64.22,268.503,-10.938,471.602,19.720,0.97,0.63,4,1157.86,
Player1_Car,64.42,264.687,-12.084,464.138,19.696,1.59,0.64,4,1150.44,
Player2_Car,64.42,268.435,-10.231,475.537,19.688,1.13,0.64,4,1161.88,
Player1_Car,64.62,264.565,-11.501,468.075,19.631,1.77,0.64,4,1154.41,
Player2_Car,64.62,268.388,-9.469,479.477,19.700,1.23,0.64,4,1165.90,
Player1_Car,64.82,264.475,-10.857,472.012,19.727,0.94,0.63,4,1158.39,
Player2_Car,64.82,268.356,-8.678,483.438,19.898,0.71,0.61,4,1169.95,
Player1_Car,65.02,264.412,-10.146,475.946,19.657,1.45,0.64,4,1162.38,
Player2_Car,65.02,268.338,-7.881,487.418,19.925,0.94,0.61,4,1174.01,
Player1_Car,65.22,264.370,-9.382,479.888,19.691,1.23,0.64,4,1166.39,
Player2_Car,65.22,268.329,-7.083,491.407,19.961,0.83,0.60,4,1178.08,
Player1_Car,65.42,264.345,-8.594,483.851,19.882,0.79,0.61,4,1170.43,
Player2_Car,65.42,268.323,-6.284,495.401,19.975,0.82,0.60,4,1182.16,
Player1_Car,65.62,264.331,-7.798,487.832,19.940,0.79,0.61,4,1174.48,
Player2_Car,65.62,268.320,-5.485,499.396,19.979,0.79,0.60,4,1186.23,
Player1_Car,65.82,264.324,-7.000,491.822,19.959,0.82,0.60,4,1178.55,
Player2_Car,65.82,268.319,-4.685,503.392,19.982,0.69,0.60,4,1190.31,
Player1_Car,66.02,264.321,-6.201,495.815,19.973,0.80,0.60,4,1182.62,
Player2_Car,66.02,268.318,-3.886,507.388,19.989,0.55,0.60,4,1194.38,
Player1_Car,66.22,264.319,-5.402,499.811,19.979,0.78,0.60,4,1186.70,
Player2_Car,66.22,268.315,-3.086,511.385,19.971,0.38,0.60,4,1198.45,
Player1_Car,66.42,264.318,-4.602,503.807,19.982,0.71,0.60,4,1190.77,
Player2_Car,66.42,268.309,-2.289,515.382,19.998,0.17,0.60,4,1202.53,
Player1_Car,66.62,264.315,-3.803,507.803,19.991,0.60,0.60,4,1194.85,
Player2_Car,66.62,268.301,-1.496,519.382,20.087,-0.04,0.59,4,1206.60,
Player1_Car,66.82,264.311,-3.002,511.799,19.975,0.46,0.60,4,1198.93,
Player2_Car,66.82,268.289,-0.737,523.397,20.217,-0.27,0.57,4,1210.68,
Player1_Car,67.02,264.303,-2.203,515.796,19.978,0.29,0.60,4,1203.01,
Player2_Car,67.02,268.273,-0.040,527.424,20.283,-0.52,0.57,4,1214.75,
Player1_Car,67.22,264.291,-1.411,519.797,20.086,0.09,0.59,4,1207.09,
Player2_Car,67.22,268.251,0.593,531.454,20.252,-0.80,0.57,4,1218.83,
Player1_Car,67.42,264.273,-0.656,523.814,20.205,-0.13,0.58,4,1211.17,
Player2_Car,67.42,268.224,1.158,535.488,20.278,-0.91,0.57,4,1222.89,
Player1_Car,67.62,264.250,0.035,527.843,20.271,-0.32,0.57,4,1215.26,
Player2_Car,67.62,268.192,1.659,539.520,20.287,-0.85,0.57,4,1226.94,
Player1_Car,67.82,264.221,0.660,531.876,20.304,-0.40,0.56,4,1219.34,
Player2_Car,67.82,268.153,2.095,543.551,20.220,-1.47,0.57,4,1230.99,
Player1_Car,68.02,264.187,1.222,535.909,20.258,-0.70,0.57,4,1223.41,
Player2_Car,68.02,268.104,2.464,547.583,20.244,-1.40,0.57,4,1235.03,
Player1_Car,68.22,264.146,1.715,539.943,20.264,-0.78,0.57,4,1227.47,
Player2_Car,68.22,268.043,2.767,551.614,20.258,-1.27,0.57,4,1239.06,
Player1_Car,68.42,264.100,2.142,543.976,20.287,-0.64,0.57,4,1231.53,
Player2_Car,68.42,267.972,3.007,555.644,20.276,-1.29,0.57,4,1243.09,
Player1_Car,68.62,264.046,2.506,548.007,20.219,-1.19,0.57,4,1235.57,
Player2_Car,68.62,267.890,3.183,559.673,20.227,-1.58,0.57,4,1247.12,
Player1_Car,68.82,263.985,2.802,552.039,20.240,-1.29,0.57,4,1239.61,
Player2_Car,68.82,267.796,3.293,563.704,20.252,-1.23,0.57,4,1251.14,
Player1_Car,69.02,263.915,3.033,556.070,20.256,-1.11,0.57,4,1243.65,
Player2_Car,69.02,267.693,3.340,567.734,20.225,-1.32,0.57,4,1255.16,
Player1_Car,69.22,263.836,3.200,560.101,20.274,-1.00,0.57,4,1247.68,
Player2_Car,69.22,267.581,3.348,571.755,20.090,-1.29,0.59,4,1259.18,
Player1_Car,69.42,263.748,3.304,564.130,20.226,-1.48,0.57,4,1251.71,
Player2_Car,69.42,267.455,3.348,575.765,20.045,-1.18,0.59,4,1263.19,
Player1_Car,69.62,263.649,3.343,568.160,20.202,-1.25,0.58,4,1255.74,
Player2_Car,69.62,267.322,3.348,579.770,20.029,-1.12,0.60,4,1267.19,
Player1_Car,69.82,263.540,3.348,572.180,20.083,-1.26,0.59,4,1259.77,
Player2_Car,69.82,267.188,3.348,583.772,20.022,-1.08,0.60,4,1271.20,
Player1_Car,70.02,263.420,3.348,576.190,20.042,-1.17,0.59,4,1263.78,
Player2_Car,70.02,267.054,3.348,587.774,20.020,-1.03,0.60,4,1275.20,
Player1_Car,70.22,263.293,3.348,580.194,20.028,-1.13,0.60,4,1267.79,
Player2_Car,70.22,266.920,3.348,591.776,20.020,-0.98,0.60,4,1279.20,
Player1_Car,70.42,263.163,3.348,584.196,20.022,-1.09,0.60,4,1271.80,
Player2_Car,70.42,266.786,3.348,595.778,20.020,-0.94,0.60,4,1283.21,
Player1_Car,70.62,263.030,3.348,588.198,20.020,-1.00,0.60,4,1275.80,
Player2_Car,70.62,266.652,3.348,599.780,20.021,-0.90,0.60,4,1287.21,
Player1_Car,70.82,262.897,3.348,592.200,20.020,-0.92,0.60,4,1279.80,
Player2_Car,70.82,266.519,3.348,603.782,20.021,-0.86,0.60,4,1291.22,
Player1_Car,71.02,262.763,3.348,596.201,20.021,-0.83,0.60,4,1283.81,
Player2_Car,71.02,266.386,3.348,607.784,20.022,-0.82,0.60,4,1295.22,
Player1_Car,71.22,262.629,3.348,600.203,20.022,-0.74,0.60,4,1287.81,
Player2_Car,71.22,266.253,3.348,611.786,20.022,-0.79,0.60,4,1299.22,
Player1_Car,71.42,262.493,3.348,604.205,20.023,-0.66,0.60,4,1291.81,
Player2_Car,71.42,266.121,3.348,615.788,20.023,-0.76,0.60,4,1303.23,
Player1_Car,71.62,262.358,3.348,608.207,20.024,-0.57,0.60,4,1295.82,
Player2_Car,71.62,265.989,3.348,619.790,20.023,-0.74,0.60,4,1307.23,
Player1_Car,71.82,262.222,3.348,612.209,20.025,-0.49,0.60,4,1299.82,
Player2_Car,71.82,265.857,3.348,623.793,20.023,-0.71,0.60,4,1311.24,
Player1_Car,72.02,262.086,3.348,616.212,20.025,-0.41,0.60,4,1303.83,
Player2_Car,72.02,265.725,3.348,627.795,20.023,-0.69,0.60,4,1315.24,
Player1_Car,72.22,261.951,3.348,620.215,20.026,-0.33,0.60,4,1307.83,
Player2_Car,72.22,265.593,3.348,631.798,20.024,-0.67,0.60,4,1319.25,
Player1_Car,72.42,261.815,3.348,624.217,20.026,-0.25,0.60,4,1311.84,
Player2_Car,72.42,265.462,3.348,635.801,20.024,-0.65,0.60,4,1323.25,
Player1_Car,72.62,261.679,3.348,628.220,20.027,-0.18,0.60,4,1315.84,
Player2_Car,72.62,265.331,3.348,639.803,20.024,-0.64,0.60,4,1327.25,
Player1_Car,72.82,261.544,3.348,632.223,20.027,-0.11,0.60,4,1319.85,
Player2_Car,72.82,265.200,3.348,643.806,20.024,-0.63,0.60,4,1331.26,
Player1_Car,73.02,261.409,3.348,636.225,20.027,-0.05,0.60,4,1323.85,
Player2_Car,73.02,265.069,3.348,647.809,20.024,-0.61,0.60,4,1335.26,
Player1_Car,73.22,261.274,3.348,640.228,20.027,0.01,0.60,4,1327.86,
Player2_Car,73.22,264.938,3.348,651.811,20.024,-0.60,0.60,4,1339.27,
Player1_Car,73.42,261.139,3.348,644.232,20.027,0.06,0.60,4,1331.87,
Player2_Car,73.42,264.807,3.348,655.814,20.024,-0.59,0.60,4,1343.27,
Player1_Car,73.62,261.005,3.348,648.235,20.027,0.11,0.60,4,1335.87,
Player2_Car,73.62,264.677,3.348,659.817,20.025,-0.58,0.60,4,1347.28,
Player1_Car,73.82,260.871,3.348,652.238,20.027,0.16,0.60,4,1339.88,
Player2_Car,73.82,264.547,3.348,663.819,20.025,-0.58,0.60,4,1351.28,
Player1_Car,74.02,260.737,3.348,656.242,20.027,0.20,0.60,4,1343.88,
Player2_Car,74.02,264.416,3.348,667.822,20.025,-0.57,0.60,4,1355.28,
Player1_Car,74.22,260.603,3.348,660.245,20.027,0.24,0.60,4,1347.89,
Player2_Car,74.22,264.286,3.348,671.825,20.025,-0.57,0.60,4,1359.29,
Player1_Car,74.42,260.470,3.348,664.248,20.027,0.28,0.60,4,1351.90,
Player2_Car,74.42,264.156,3.348,675.828,20.025,-0.56,0.60,4,1363.29,
Player1_Car,74.62,260.337,3.348,668.252,20.027,0.31,0.60,4,1355.90,
Player2_Car,74.62,264.026,3.348,679.830,20.025,-0.56,0.60,4,1367.30,
Player1_Car,74.82,260.204,3.348,672.255,20.026,0.34,0.60,4,1359.91,
Player2_Car,74.82,263.896,3.348,683.833,20.025,-0.55,0.60,4,1371.30,
Player1_Car,75.02,260.072,3.348,676.258,20.026,0.37,0.60,4,1363.91,
Player2_Car,75.02,263.767,3.348,687.836,20.025,-0.55,0.60,4,1375.30,
Player1_Car,75.22,259.940,3.348,680.261,20.026,0.40,0.60,4,1367.92,
Player2_Car,75.22,263.637,3.348,691.838,20.025,-0.55,0.60,4,1379.31,
Player1_Car,75.42,259.808,3.348,684.263,20.026,0.42,0.60,4,1371.92,
Player2_Car,75.42,263.507,3.348,695.841,20.025,-0.55,0.60,4,1383.31,
Player1_Car,75.62,259.676,3.348,688.266,20.026,0.44,0.60,4,1375.93,
Player2_Car,75.62,263.377,3.348,699.844,20.025,-0.55,0.60,4,1387.32,
Player1_Car,75.82,259.544,3.348,692.269,20.026,0.46,0.60,4,1379.93,
Player2_Car,75.82,263.248,3.348,703.846,20.025,-0.55,0.60,4,1391.32,
Player1_Car,76.02,259.413,3.348,696.272,20.026,0.47,0.60,4,1383.94,
Player2_Car,76.02,263.118,3.348,707.849,20.025,-0.54,0.60,4,1395.32,
Player1_Car,76.22,259.282,3.348,700.274,20.026,0.49,0.60,4,1387.94,
Player2_Car,76.22,262.989,3.348,711.852,20.025,-0.54,0.60,4,1399.33,
Player1_Car,76.42,259.151,3.348,704.277,20.025,0.50,0.60,4,1391.94,
Player2_Car,76.42,262.859,3.348,715.854,20.025,-0.54,0.60,4,1403.33,
Player1_Car,76.62,259.020,3.348,708.280,20.025,0.51,0.60,4,1395.95,
Player2_Car,76.62,262.730,3.348,719.857,20.025,-0.55,0.60,4,1407.34,
Player1_Car,76.82,258.890,3.348,712.282,20.025,0.52,0.60,4,1399.95,
Player2_Car,76.82,262.601,3.348,723.860,20.025,-0.55,0.60,4,1411.34,
Player1_Car,77.02,258.759,3.348,716.285,20.025,0.53,0.60,4,1403.96,
Player2_Car,77.02,262.471,3.348,727.862,20.025,-0.55,0.60,4,1415.34,
Player1_Car,77.22,258.629,3.348,720.288,20.025,0.54,0.60,4,1407.96,
Player2_Car,77.22,262.342,3.348,731.865,20.025,-0.55,0.60,4,1419.35,
Player1_Car,77.42,258.499,3.348,724.290,20.025,0.54,0.60,4,1411.97,
Player2_Car,77.42,262.212,3.348,735.868,20.025,-0.55,0.60,4,1423.35,
Player1_Car,77.62,258.369,3.348,728.293,20.025,0.55,0.60,4,1415.97,
Player2_Car,77.62,262.083,3.348,739.870,20.025,-0.55,0.60,4,1427.36,
Player1_Car,77.82,258.239,3.348,732.296,20.025,0.55,0.60,4,1419.97,
Player2_Car,77.82,261.954,3.348,743.873,20.025,-0.55,0.60,4,1431.36,
Player1_Car,78.02,258.109,3.348,736.298,20.025,0.56,0.60,4,1423.98,
Player2_Car,78.02,261.824,3.348,747.876,20.025,-0.55,0.60,4,1435.37,
Player1_Car,78.22,257.979,3.348,740.301,20.025,0.56,0.60,4,1427.98,
Player2_Car,78.22,261.696,3.348,751.879,20.025,-0.10,-0.72,4,1439.37,
Player1_Car,78.42,257.849,3.348,744.304,20.025,0.56,0.60,4,1431.99,
Player2_Car,78.42,261.598,3.348,755.279,14.619,0.38,-0.07,4,1442.77,
Player1_Car,78.62,257.719,3.348,748.306,20.025,0.56,0.60,4,1435.99,
Player2_Car,78.62,261.536,3.348,757.891,12.140,1.35,0.22,4,1445.38,
Player1_Car,78.82,257.594,3.348,752.235,18.581,1.04,-0.55,4,1439.92,
Player2_Car,78.82,261.502,3.348,760.198,11.177,2.25,0.34,4,1447.69,
Player1_Car,79.02,257.508,3.348,755.332,13.660,1.49,0.04,4,1443.02,
Player2_Car,79.02,261.504,3.348,762.386,10.803,2.85,0.38,4,1449.91,
Player1_Car,79.22,257.454,3.348,757.826,11.763,1.95,0.27,4,1445.51,
Player2_Car,79.22,261.558,3.348,764.527,10.655,3.39,0.40,4,1452.10,
Player1_Car,79.42,257.431,3.348,760.086,11.030,2.48,0.36,4,1447.77,
Player2_Car,79.42,261.678,3.348,766.647,10.595,3.91,0.41,4,1454.33,
Player1_Car,79.62,257.448,3.348,762.256,10.745,2.86,0.39,4,1449.91,
Player2_Car,79.62,261.880,3.348,768.753,10.570,4.35,0.41,4,1456.51,
Player1_Car,79.82,257.514,3.348,764.390,10.633,3.34,0.40,4,1452.01,
Player2_Car,79.82,262.176,3.348,770.845,10.557,4.80,0.41,4,1458.75,
Player1_Car,80.02,257.642,3.348,766.507,10.587,3.69,0.41,4,1454.04,
Player2_Car,80.02,262.582,3.348,772.916,10.549,5.31,0.41,4,1461.01,
Player1_Car,80.22,257.843,3.348,768.612,10.567,4.07,0.41,4,1456.11,
Player2_Car,80.22,263.109,3.348,774.957,10.544,5.91,0.41,4,1463.29,
Player1_Car,80.42,258.128,3.348,770.705,10.556,4.40,0.41,4,1458.14,
Player2_Car,80.42,263.773,3.348,776.958,10.538,6.42,0.42,4,1465.58,
Player1_Car,80.62,258.509,3.348,772.781,10.550,4.87,0.41,4,1460.20,
Player2_Car,80.62,264.585,3.348,778.901,10.533,6.99,0.42,4,1467.89,
Player1_Car,80.82,258.996,3.348,774.833,10.545,5.26,0.41,4,1462.21,
Player2_Car,80.82,265.555,3.348,780.769,10.527,7.36,0.42,4,1470.22,
Player1_Car,81.02,259.599,3.348,776.853,10.540,5.59,0.42,4,1464.23,
Player2_Car,81.02,266.690,3.348,782.542,10.522,7.60,0.42,4,1472.56,
Player1_Car,81.22,260.327,3.348,778.830,10.537,6.07,0.42,4,1466.29,
Player2_Car,81.22,267.989,3.348,784.197,10.528,8.08,0.42,4,1475.05,
Player1_Car,81.42,261.189,3.348,780.752,10.533,6.42,0.42,4,1468.30,
Player2_Car,81.42,269.447,3.348,785.715,10.530,7.89,0.42,4,1477.42,
Player1_Car,81.62,262.189,3.348,782.605,10.530,6.68,0.42,4,1470.31,
Player2_Car,81.62,271.050,3.348,787.080,10.533,7.60,0.42,4,1479.79,
Player1_Car,81.82,263.328,3.348,784.376,10.528,6.89,0.42,4,1472.32,
Player2_Car,81.82,272.779,3.348,788.283,10.539,7.74,0.42,4,1482.28,
Player1_Car,82.02,264.604,3.348,786.049,10.526,7.02,0.42,4,1474.33,
Player2_Car,82.02,274.743,3.348,789.384,12.582,7.47,1.00,4,1484.78,
Player1_Car,82.22,266.013,3.348,787.612,10.525,7.01,0.42,4,1476.35,
Player2_Car,82.22,277.372,3.348,790.516,15.684,7.37,1.00,4,1487.97,
Player1_Car,82.42,267.546,3.348,789.054,10.525,6.91,0.42,4,1478.37,
Player2_Car,82.42,280.656,3.348,791.513,18.195,6.65,0.82,4,1491.70,
Player1_Car,82.62,269.190,3.348,790.368,10.526,6.75,0.42,4,1480.40,
Player2_Car,82.62,284.364,3.348,792.222,19.298,5.45,0.68,4,1495.72,
Player1_Car,82.82,270.933,3.348,791.548,10.528,6.59,0.42,4,1482.43,
Player2_Car,82.82,288.256,3.348,792.624,19.728,4.09,0.63,4,1499.91,
Player1_Car,83.02,272.890,3.348,792.656,12.568,6.87,1.00,4,1484.60,
Player2_Car,83.02,292.219,3.348,792.794,19.898,2.97,0.61,4,1503.99,
Player1_Car,83.22,275.496,3.348,793.833,15.665,6.88,1.00,4,1487.38,
Player2_Car,83.22,296.207,3.348,792.812,19.967,2.21,0.60,4,1508.02,
Player1_Car,83.42,278.747,3.348,794.921,18.182,6.39,0.82,4,1490.70,
Player2_Car,83.42,300.203,3.348,792.737,19.995,1.73,0.60,4,1512.02,
Player1_Car,83.62,282.427,3.348,795.760,19.291,5.52,0.69,4,1494.36,
Player2_Car,83.62,304.202,3.348,792.609,20.008,1.45,0.60,4,1516.02,
Player1_Car,83.82,286.300,3.348,796.302,19.723,4.37,0.63,4,1498.17,
Player2_Car,83.82,308.201,3.348,792.452,20.014,1.28,0.60,4,1520.02,
Player1_Car,84.02,290.255,3.348,796.597,19.894,3.36,0.61,4,1502.03,
Player2_Car,84.02,312.200,3.348,792.279,20.016,1.19,0.60,4,1524.02,
Player1_Car,84.22,294.240,3.348,796.714,19.963,2.60,0.60,4,1505.94,
Player2_Car,84.22,316.199,3.348,792.099,20.018,1.14,0.60,4,1528.03,
Player1_Car,84.42,298.236,3.348,796.712,19.992,2.05,0.60,4,1509.93,
Player2_Car,84.42,320.198,3.348,791.914,20.018,1.10,0.60,4,1532.03,
Player1_Car,84.62,302.236,3.348,796.632,20.005,1.68,0.60,4,1513.93,
Player2_Car,84.62,324.197,3.348,791.727,20.018,1.04,0.60,4,1536.03,
Player1_Car,84.82,306.235,3.348,796.506,20.011,1.44,0.60,4,1517.93,
Player2_Car,84.82,328.196,3.348,791.539,20.019,0.96,0.60,4,1540.04,
Player1_Car,85.02,310.235,3.348,796.351,20.015,1.29,0.60,4,1521.93,
Player2_Car,85.02,332.195,3.348,791.349,20.020,0.87,0.60,4,1544.04,
Player1_Car,85.22,314.235,3.348,796.182,20.016,1.20,0.60,4,1525.94,
Player2_Car,85.22,336.194,3.348,791.159,20.021,0.79,0.60,4,1548.05,
Player1_Car,85.42,318.234,3.348,796.004,20.017,1.15,0.60,4,1529.94,
Player2_Car,85.42,340.194,3.348,790.968,20.022,0.70,0.60,4,1552.05,
Player1_Car,85.62,322.233,3.348,795.821,20.018,1.13,0.60,4,1533.95,
Player2_Car,85.62,344.194,3.348,790.777,20.023,0.62,0.60,4,1556.05,
Player1_Car,85.82,326.233,3.348,795.636,20.018,1.11,0.60,4,1537.95,
Player2_Car,85.82,348.194,3.348,790.585,20.024,0.53,0.60,4,1560.06,
Player1_Car,86.02,330.232,3.348,795.451,20.018,1.10,0.60,4,1541.95,
Player2_Car,86.02,352.194,3.348,790.394,20.025,0.45,0.60,4,1564.06,
Player1_Car,86.22,334.231,3.348,795.265,20.018,1.07,0.60,4,1545.96,
Player2_Car,86.22,356.194,3.348,790.202,20.025,0.37,0.60,4,1568.07,
Player1_Car,86.42,338.231,3.348,795.078,20.019,1.05,0.60,4,1549.96,
Player2_Car,86.42,360.194,3.348,790.010,20.026,0.30,0.60,4,1572.07,
Player1_Car,86.62,342.230,3.348,794.891,20.019,1.02,0.60,4,1553.96,
Player2_Car,86.62,364.195,3.348,789.819,20.026,0.23,0.60,4,1576.08,
Player1_Car,86.82,346.229,3.348,794.704,20.020,0.99,0.60,4,1557.97,
Player2_Car,86.82,368.196,3.348,789.627,20.027,0.16,0.60,4,1580.08,
Player1_Car,87.02,350.229,3.348,794.517,20.020,0.96,0.60,4,1561.97,
Player2_Car,87.02,372.196,3.348,789.435,20.027,0.09,0.60,4,1584.09,
Player1_Car,87.22,354.229,3.348,794.329,20.020,0.94,0.60,4,1565.98,
Player2_Car,87.22,376.197,3.348,789.244,20.027,0.03,0.60,4,1588.09,
Player1_Car,87.42,358.228,3.348,794.142,20.021,0.91,0.60,4,1569.98,
Player2_Car,87.42,380.197,3.348,789.053,20.027,-0.03,0.60,4,1592.10,
Player1_Car,87.62,362.228,3.348,793.955,20.021,0.88,0.60,4,1573.98,
Player2_Car,87.62,384.198,3.348,788.863,20.027,-0.08,0.60,4,1596.10,
Player1_Car,87.82,366.228,3.348,793.767,20.021,0.86,0.60,4,1577.99,
Player2_Car,87.82,388.199,3.348,788.672,20.027,-0.13,0.60,4,1600.11,
Player1_Car,88.02,370.228,3.348,793.580,20.022,0.84,0.60,4,1581.99,
Player2_Car,88.02,392.200,3.348,788.482,20.027,-0.18,0.60,4,1604.11,
Player1_Car,88.22,374.228,3.348,793.392,20.022,0.81,0.60,4,1586.00,
Player2_Car,88.22,396.201,3.348,788.292,20.027,-0.22,0.60,4,1608.12,
Player1_Car,88.42,378.228,3.348,793.205,20.022,0.79,0.60,4,1590.00,
Player2_Car,88.42,400.202,3.348,788.102,20.027,-0.26,0.60,4,1612.12,
Player1_Car,88.62,382.228,3.348,793.018,20.023,0.77,0.60,4,1594.00,
Player2_Car,88.62,404.203,3.348,787.913,20.027,-0.29,0.60,4,1616.13,
Player1_Car,88.82,386.228,3.348,792.830,20.023,0.75,0.60,4,1598.01,
Player2_Car,88.82,408.203,3.348,787.724,20.027,-0.32,0.60,4,1620.13,
Player1_Car,89.02,390.228,3.348,792.643,20.023,0.73,0.60,4,1602.01,
Player2_Car,89.02,412.204,3.348,787.535,20.026,-0.35,0.60,4,1624.14,
Player1_Car,89.22,394.228,3.348,792.456,20.023,0.72,0.60,4,1606.02,
Player2_Car,89.22,416.205,3.348,787.347,20.026,-0.38,0.60,4,1628.14,
Player1_Car,89.42,398.229,3.348,792.268,20.023,0.70,0.60,4,1610.02,
Player2_Car,89.42,420.206,3.348,787.158,20.026,-0.40,0.60,4,1632.15,
Player1_Car,89.62,402.229,3.348,792.081,20.024,0.68,0.60,4,1614.02,
Player2_Car,89.62,424.207,3.348,786.971,20.026,-0.42,0.60,4,1636.15,
Player1_Car,89.82,406.229,3.348,791.894,20.024,0.67,0.60,4,1618.03,
Player2_Car,89.82,428.208,3.348,786.783,20.026,-0.45,0.60,4,1640.16,
Player1_Car,90.02,410.229,3.348,791.708,20.024,0.66,0.60,4,1622.03,
Player2_Car,90.02,432.208,3.348,786.595,20.026,-0.46,0.60,4,1644.16,
Player1_Car,90.22,414.230,3.348,791.521,20.024,0.65,0.60,4,1626.04,
Player2_Car,90.22,436.209,3.348,786.408,20.026,-0.48,0.60,4,1648.17,
Player1_Car,90.42,418.230,3.348,791.334,20.024,0.63,0.60,4,1630.04,
Player2_Car,90.42,440.209,3.348,786.220,20.026,-0.49,0.60,4,1652.18,
Player1_Car,90.62,422.231,3.348,791.147,20.024,0.62,0.60,4,1634.05,
Player2_Car,90.62,444.210,3.348,786.033,20.025,-0.50,0.60,4,1656.18,
Player1_Car,90.82,426.231,3.348,790.960,20.024,0.61,0.60,4,1638.05,
Player2_Car,90.82,448.210,3.348,785.847,20.025,-0.50,0.60,4,1660.19,
Player1_Car,91.02,430.232,3.348,790.774,20.024,0.61,0.60,4,1642.06,
Player2_Car,91.02,452.211,3.348,785.655,20.026,0.35,0.60,4,1664.19,
